-- 添加员工数据
INSERT INTO employee (emp_id, username, name, gender, password, contact, hometown)
VALUES (1, 'emp1', '张三', 'Male', 'password1', '13800000001', '北京'),
(2, 'emp2', '李四', 'Female', 'password2', '13800000002', '上海'),
(3, 'emp3', '王五', 'Male', 'password3', '13800000003', '广州');

-- 添加菜品数据
INSERT INTO `dish` (`dish_id`, `name`, `price`, `quantity`, `spiciness`, `is_recommend`, `created_time`, `cost`, `emp_id`)
VALUES
(1, '宫保鸡丁', 38.00, 100, 'Mild', 1, '2022-01-01 00:00:00', 20.00, 1),
(2, '回锅肉', 42.00, 80, 'Hot', 0, '2022-01-02 00:00:00', 25.00, 2),
(3, '麻婆豆腐', 32.00, 120, 'Moderate', 1, '2022-01-03 00:00:00', 18.00, 3),
(4, '鱼香肉丝', 28.00, 80, 'Mild', 1, '2023-05-07 10:00:00', 16.00, 1),
(5, '青椒土豆丝', 18.00, 120, 'No', 1, '2023-05-07 10:00:00', 10.00, 2),
(6, '水煮鱼', 58.00, 60, 'Hot', 1, '2023-05-07 10:00:00', 30.00, 3),
(7, '干煸豆角', 22.00, 100, 'Moderate', 0, '2023-05-07 10:00:00', 12.00, 1),
(8, '蒜蓉西兰花', 26.00, 80, 'No', 1, '2023-05-07 10:00:00', 14.00, 2),
(9, '红烧茄子', 28.00, 80, 'Moderate', 1, '2023-05-07 10:00:00', 16.00, 3),
(10, '剁椒鱼头', 68.00, 50, 'Very hot', 1, '2023-05-07 10:00:00', 35.00, 1),
(11, '京酱肉丝', 36.00, 80, 'No', 0, '2023-05-07 10:00:00', 20.00, 2),
(12, '肉末茄子', 32.00, 100, 'Moderate', 1, '2023-05-07 10:00:00', 18.00, 3),
(13, '糖醋排骨', 48.00, 60, 'Mild', 1, '2023-05-07 10:00:00', 25.00, 1);

-- 添加客户数据
INSERT INTO customer (cust_id, name, contact, gender, id_card, ethnicity, hometown, username, password)
VALUES (1, '张三', '13900000001', 'Male', '110101199001010001', '汉族', '北京', 'cust1', 'password1'),
(2, '李四', '13900000002', 'Female', '310101199001010001', '汉族', '上海', 'cust2', 'password2'),
(3, '王五', '13900000003', 'Male', '440101199001010001', '汉族', '广州', 'cust3', 'password3');

-- 添加订单数据
INSERT INTO orderc (order_id, cust_id, dish_id, order_time, quantity)
VALUES (1, 1, 1, '2022-01-01 12:00:00', 2),
(2, 2, 2, '2022-01-02 12:00:00', 3),
(3, 3, 3, '2022-01-03 12:00:00', 1),
(4, 1, 4, '2022-01-04 12:00:00', 2),
(5, 2, 5, '2022-01-05 12:00:00', 1),
(6, 3, 6, '2022-01-06 12:00:00', 4);

-- 添加原材料数据
INSERT INTO material (material_id, name, quantity, category, storage_location, dish_id)
VALUES (1, '鸡肉', 200, '肉类', '冷藏库', 1),
(2, '萝卜', 42, '蔬菜类', '常温库', 1),
(3, '五花肉', 150, '肉类', '冷藏库', 2),
(4, '豆腐', 100, '豆制品', '常温库', 3),
(5, '肉丝', 100, '肉类品', '冷藏库', 4),
(6, '土豆', 200, '蔬菜类', '常温库', 5),
(7, '鱼', 20, '肉类类', '冷藏库', 6),
(8, '豆角', 200, '蔬菜类', '常温库', 7),
(9, '西蓝花', 150, '蔬菜类', '常温库', 8),
(10, '茄子', 112, '蔬菜类', '常温库', 9),
(11, '鱼头', 200, '肉类', '冷藏库', 10),
(12, '京酱', 200, '酱类', '冷藏库', 11),
(13, '肉末', 20, '肉类', '冷藏库', 12),
(14, '排骨', 200, '肉类', '冷藏库', 13);